,Artists Name,Artist ID,Track Name,Track ID,Release Date,Popularity,Danceability,Energy
0,Ariana Grande,66CXWjxzNUsdJxJ2JdwvnR,"break up with your girlfriend, i'm bored",4kV4N9D1iKVxx1KLvtTpjS,2019-02-08,97,0.726,0.545
1,Ariana Grande,66CXWjxzNUsdJxJ2JdwvnR,7 rings,6ocbgoVGwYJhOv1GgI9NsF,2019-02-08,92,0.771,0.32
2,Mabel,1MIVXf74SZHmTIp4V4paH4,Don't Call Me Up,5WHTFyqSii0lmT9R21abT8,2019-01-18,87,0.674,0.881
3,Lewis Capaldi,4GNC7GD6oZMSxPGyXy4MNB,Someone You Loved,2TIlqbIneP0ZY1O0EzYLlc,2018-11-08,89,0.501,0.405
4,Calvin Harris,7CajNmpbOovFoOoasH2HaY,Giant (with Rag'n'Bone Man),5itOtNx0WxtJmi1TQ3RuRd,2019-01-11,92,0.807,0.887
5,Post Malone,246dkjvS1zLTtiykXe5h60,Wow.,6MWtB6iiXyIwun0YzU6DFP,2018-12-24,98,0.833,0.539
6,Sam Smith,2wY79sveU1sp5g7SokKOiI,Dancing With A Stranger (with Normani),6Qs4SXO9dwPj5GKvVOv8Ki,2019-01-11,95,0.741,0.52
7,NSG,31Ua7zSTJxegjyd49ujbSA,Options,2cytBOLpwFRX7J9URCrFIe,2018-11-30,79,0.836,0.621
8,Lady Gaga,1HY2Jd0NmPuamShAr6KMms,Shallow,2VxeLyX666F8uXCJ0dZF8B,2018-10-05,92,0.572,0.385
9,Billie Eilish,6qqNVTkY8uBg9cP3Jd7DAH,bury a friend,4NzMOnvSJVNKF7nw5NkXIP,2019-01-30,95,0.905,0.389
10,Various Artists,0LyfQWJT6nXafLPZqxe9Of,Sunflower - Spider-Man: Into the Spider-Verse,7dbka99KTWke5o9hRp0JoB,2019-02-22,66,0.761,0.479
11,Ava Max,4npEfmQ6YuiwW1GpUmaq3F,Sweet but Psycho,25sgk305KZfyuqVBQIahim,2018-08-17,96,0.719,0.704
12,Ariana Grande,66CXWjxzNUsdJxJ2JdwvnR,"thank u, next",3e9HZxeyfWwjeyPAMmWSSQ,2019-02-08,89,0.735,0.638
13,Meek Mill,20sxb77xiYeusSH8cVdatc,Going Bad (feat. Drake),2IRZnDFmlqMuOrYOLnZZyc,2018-11-30,94,0.889,0.496
14,Lauv,5JZ7CnR6gTvEMKX4g70Amv,i'm so tired...,7COXchtUOMd6uIT6HvmRaI,2019-01-24,91,0.599,0.733
15,Marshmello,64KEffDW9EtZ1y2vBYgq8T,Happier,2dpaYNEQHiRxtZbfNsse99,2018-08-17,96,0.687,0.792
16,J. Cole,6l3HvQ5sa6mXTsMTB19rO5,MIDDLE CHILD,2JvzF1RMd7lE3KmFlsyZD8,2019-01-23,95,0.837,0.364
17,Mark Ronson,3hv9jJF3adDNsBSIQDqcjp,Nothing Breaks Like a Heart (feat. Miley Cyrus),27rdGxbavYJeBphck5MZAF,2018-11-30,92,0.601,0.794
18,Khalid,6LuN9FCkKOj5PcnpouEgny,Talk,0rTV5WefWd1J3OwIheTzxM,2019-02-07,90,0.9,0.4
19,Tom Walker,7z2avKuuiMAT4XZJFv8Rvh,Just You and I,4Fvtl6P5d8h2lzzwhUCHHD,2017-10-13,63,0.567,0.696
20,Cadet,1Gm0kKaDx4GH6pQF88rjSK,Advice,1fp2uoWXPca3mIdxRHIgQm,2018-09-14,76,0.911,0.529
21,Halsey,26VFTg2z8YR0cCuwLzESi2,Without Me,5p7ujcrUXASCNwRaWNHR1C,2018-10-04,97,0.752,0.488
22,George Ezra,2ysnwxxNtSgbb9t1m2Ur4j,Shotgun,4ofwffwvvnbSkrMSCKQDaC,2018-03-23,86,0.672,0.735
23,Ariana Grande,66CXWjxzNUsdJxJ2JdwvnR,bad idea,7EQpvVujgytLVY8vKiDHAg,2018-02-07,71,0.86,0.582
24,Travis Scott,0Y5tJX1MQlPlqiwlOH1tJY,SICKO MODE,2xLMifQCjDGFmkHkpNLD9h,2018-08-03,94,0.834,0.73
25,Blueface,3Fl1V19tmjt57oBdxXKAjJ,Thotiana,3oh6SCCeLuXhFpEyepla6G,2018-12-18,91,0.906,0.382
26,YNW Melly,1cNDP5yjU5vjeR8qMf4grg,Murder On My Mind,7eBqSVxrzQZtK2mmgRG6lC,2018-08-03,88,0.759,0.73
27,Ariana Grande,66CXWjxzNUsdJxJ2JdwvnR,needy,1TEL6MlSSVLSdhOSddidlJ,2019-02-08,91,0.607,0.314
28,D-Block Europe,5VadK1havLhK1OpKYsXv9y,Kitchen Kings,1RJHieKAxYz9qbREvOR5eA,2019-02-15,63,0.652,0.727
29,Jax Jones,4Q6nIcaBED8qUel8bBx6Cr,Play,29R1IMTTbDDA3VNlk6UEW5,2018-11-28,81,0.771,0.768
30,Ariana Grande,66CXWjxzNUsdJxJ2JdwvnR,bloodline,2hloaUoRonYssMuqLCBLTX,2019-02-08,91,0.765,0.663
31,Calvin Harris,7CajNmpbOovFoOoasH2HaY,Promises (with Sam Smith),5N5k9nd479b1xpDZ4usjrg,2018-08-17,90,0.781,0.768
32,benny blanco,5CiGnKThu5ctn9pBxv7DGa,Eastside (with Halsey & Khalid),7FGq80cy8juXBCD2nrqdWU,2018-12-07,82,0.632,0.686
33,Panic! At The Disco,20JZFwl6HVl6yg8a4H3ZqK,High Hopes,1rqqCSm0Qe4I9rUvWncaom,2018-06-22,94,0.579,0.904
34,Ariana Grande,66CXWjxzNUsdJxJ2JdwvnR,NASA,4SPu0Ql902hTVXkBoNIYtq,2018-02-07,73,0.597,0.458
35,A Boogie Wit da Hoodie,31W5EY0aAly4Qieq6OFu6I,Swervin (feat. 6ix9ine),1wJRveJZLSb1rjhnUHQiv6,2018-12-21,89,0.581,0.662
36,Kehlani,0cGUm45nv7Z6M6qdXYQGTX,Nights Like This (feat. Ty Dolla $ign),6ZRuF2n1CQxyxxAAWsKJOy,2019-02-22,66,0.61,0.725
37,Post Malone,246dkjvS1zLTtiykXe5h60,Better Now,7dt6x5M1jzdTEt8oCbisTK,2018-04-27,92,0.68,0.563
38,Juice WRLD,4MCBfE4596Uoi2O4DtmEMz,Robbery,44ShclXTOOnYtt5CnCDeGV,2019-02-13,84,0.708,0.691
39,Kodak Black,46SHBwWsqBkxI7EeeBEQG7,ZEZE (feat. Travis Scott & Offset),0FZ4Dmg8jJJAPJnvBIzD9z,2018-12-14,92,0.861,0.603
40,Cardi B,4kYSro6naA4h99UJvo89HB,Please Me,0PG9fbaaHFHfre2gUVo7AN,2019-02-15,87,0.747,0.57
41,Ariana Grande,66CXWjxzNUsdJxJ2JdwvnR,imagine,39LmTF9RgyakzSYX8txrow,2019-02-08,89,0.709,0.474
42,Loud Luxury,6t1gpxYbY8OlLA7D2RiikQ,Body (feat. brando),7K7MUBCnzgBAvMVW2RTWNs,2017-10-27,68,0.752,0.764
43,P!nk,1KCSPY1glIKqW2TotWuXOR,Walk Me Home,7DHApOHsIFo7EyfieArYGE,2019-02-20,75,0.652,0.453
44,21 Savage,1URnnhqYAYcrqrcwql10ft,a lot,2t8yVaLvJ0RenpXUIAC52d,2018-12-21,92,0.837,0.636
45,Dave,6Ip8FS7vWT1uKkJSweANQK,Funky Friday,01IQ4aQgOf0Kkq3a273hmO,2018-10-04,76,0.975,0.535
46,Chris Brown,7bXgB6jMjp9ATFy66eO08Z,Undecided,7uiBocndm12aKbsdnQ3Scx,2019-01-04,86,0.441,0.527
47,Tyga,5LHRHt1k9lMyONurDHEdrp,Taste (feat. Offset),5IaHrVsrferBYDm0bDyABy,2018-05-16,89,0.884,0.559
48,Lewis Capaldi,4GNC7GD6oZMSxPGyXy4MNB,Grace,4eQBL0cuF3ismYCzBff2Ii,2018-09-21,76,0.733,0.533
49,Ariana Grande,66CXWjxzNUsdJxJ2JdwvnR,fake smile,3wFLWP0FcIqHK1wb1CPthQ,2019-02-08,90,0.522,0.6
