,Artists Name,Artist ID,Track Name,Track ID,Release Date,Popularity,Danceability,Energy
0,Ariana Grande,66CXWjxzNUsdJxJ2JdwvnR,7 rings,6ocbgoVGwYJhOv1GgI9NsF,2019-02-08,92,0.771,0.32
1,Ariana Grande,66CXWjxzNUsdJxJ2JdwvnR,"break up with your girlfriend, i'm bored",4kV4N9D1iKVxx1KLvtTpjS,2019-02-08,97,0.726,0.545
2,J. Cole,6l3HvQ5sa6mXTsMTB19rO5,MIDDLE CHILD,2JvzF1RMd7lE3KmFlsyZD8,2019-01-23,95,0.837,0.364
3,Post Malone,246dkjvS1zLTtiykXe5h60,Wow.,6MWtB6iiXyIwun0YzU6DFP,2018-12-24,98,0.833,0.539
4,Various Artists,0LyfQWJT6nXafLPZqxe9Of,Sunflower - Spider-Man: Into the Spider-Verse,7dbka99KTWke5o9hRp0JoB,2019-02-22,66,0.761,0.479
5,Lady Gaga,1HY2Jd0NmPuamShAr6KMms,Shallow,2VxeLyX666F8uXCJ0dZF8B,2018-10-05,92,0.572,0.385
6,YNW Melly,1cNDP5yjU5vjeR8qMf4grg,Murder On My Mind,7eBqSVxrzQZtK2mmgRG6lC,2018-08-03,88,0.759,0.73
7,Juice WRLD,4MCBfE4596Uoi2O4DtmEMz,Robbery,44ShclXTOOnYtt5CnCDeGV,2019-02-13,84,0.708,0.691
8,Meek Mill,20sxb77xiYeusSH8cVdatc,Going Bad (feat. Drake),2IRZnDFmlqMuOrYOLnZZyc,2018-11-30,94,0.889,0.496
9,21 Savage,1URnnhqYAYcrqrcwql10ft,a lot,2t8yVaLvJ0RenpXUIAC52d,2018-12-21,92,0.837,0.636
10,Blueface,3Fl1V19tmjt57oBdxXKAjJ,Thotiana,3oh6SCCeLuXhFpEyepla6G,2018-12-18,91,0.906,0.382
11,Ariana Grande,66CXWjxzNUsdJxJ2JdwvnR,"thank u, next",3e9HZxeyfWwjeyPAMmWSSQ,2019-02-08,89,0.735,0.638
12,Lil Baby,5f7VJjfbwm532GiveGC0ZK,Drip Too Hard (Lil Baby & Gunna),78QR3Wp35dqAhFEc2qAGjE,2018-10-05,91,0.896,0.671
13,Khalid,6LuN9FCkKOj5PcnpouEgny,Talk,0rTV5WefWd1J3OwIheTzxM,2019-02-07,90,0.9,0.4
14,Billie Eilish,6qqNVTkY8uBg9cP3Jd7DAH,bury a friend,4NzMOnvSJVNKF7nw5NkXIP,2019-01-30,95,0.905,0.389
15,A Boogie Wit da Hoodie,31W5EY0aAly4Qieq6OFu6I,Swervin (feat. 6ix9ine),1wJRveJZLSb1rjhnUHQiv6,2018-12-21,89,0.581,0.662
16,Mustard,0YinUQ50QDB7ZxSCLyQ40k,Pure Water (with Migos),63cd4JkwGgYJrbOizbfmsp,2019-01-16,88,0.68,0.559
17,Offset,4DdkRBBYG6Yk9Ka8tdJ9BW,Legacy (feat. Travis Scott & 21 Savage),7pMRoGLEJuFM2wl5pt0R99,2019-02-22,76,0.844,0.513
18,Halsey,26VFTg2z8YR0cCuwLzESi2,Without Me,5p7ujcrUXASCNwRaWNHR1C,2018-10-04,97,0.752,0.488
19,Travis Scott,0Y5tJX1MQlPlqiwlOH1tJY,SICKO MODE,2xLMifQCjDGFmkHkpNLD9h,2018-08-03,94,0.834,0.73
20,A Boogie Wit da Hoodie,31W5EY0aAly4Qieq6OFu6I,Look Back At It,3Ol2xnObFdKV9pmRD2t9x8,2018-12-21,90,0.791,0.587
21,Offset,4DdkRBBYG6Yk9Ka8tdJ9BW,Red Room,4TWflhgevIGo448fWc6mQq,2019-02-22,67,0.936,0.559
22,Ariana Grande,66CXWjxzNUsdJxJ2JdwvnR,NASA,4SPu0Ql902hTVXkBoNIYtq,2018-02-07,73,0.597,0.458
23,Ariana Grande,66CXWjxzNUsdJxJ2JdwvnR,needy,1TEL6MlSSVLSdhOSddidlJ,2019-02-08,91,0.607,0.314
24,Sam Smith,2wY79sveU1sp5g7SokKOiI,Dancing With A Stranger (with Normani),6Qs4SXO9dwPj5GKvVOv8Ki,2019-01-11,95,0.741,0.52
25,Kodak Black,46SHBwWsqBkxI7EeeBEQG7,ZEZE (feat. Travis Scott & Offset),0FZ4Dmg8jJJAPJnvBIzD9z,2018-12-14,92,0.861,0.603
26,Ariana Grande,66CXWjxzNUsdJxJ2JdwvnR,bad idea,7EQpvVujgytLVY8vKiDHAg,2018-02-07,71,0.86,0.582
27,Marshmello,64KEffDW9EtZ1y2vBYgq8T,Happier,2dpaYNEQHiRxtZbfNsse99,2018-08-17,96,0.687,0.792
28,Lauv,5JZ7CnR6gTvEMKX4g70Amv,i'm so tired...,7COXchtUOMd6uIT6HvmRaI,2019-01-24,91,0.599,0.733
29,Kehlani,0cGUm45nv7Z6M6qdXYQGTX,Nights Like This (feat. Ty Dolla $ign),6ZRuF2n1CQxyxxAAWsKJOy,2019-02-22,66,0.61,0.725
30,Sheck Wes,2RDOrhPqAM4jzTRCEb19qX,Mo Bamba,1xzBco0xcoJEDXktl7Jxrr,2018-10-05,92,0.729,0.625
31,Cardi B,4kYSro6naA4h99UJvo89HB,Please Me,0PG9fbaaHFHfre2gUVo7AN,2019-02-15,87,0.747,0.57
32,Ariana Grande,66CXWjxzNUsdJxJ2JdwvnR,bloodline,2hloaUoRonYssMuqLCBLTX,2019-02-08,91,0.765,0.663
33,Juice WRLD,4MCBfE4596Uoi2O4DtmEMz,Lucid Dreams,285pBltuF7vW8TeWk8hdRR,2018-12-10,91,NaN,NaN
34,Khalid,6LuN9FCkKOj5PcnpouEgny,Better,6zeeWid2sgw4lap2jV61PZ,2018-10-18,86,NaN,NaN
35,Ariana Grande,66CXWjxzNUsdJxJ2JdwvnR,imagine,39LmTF9RgyakzSYX8txrow,2019-02-08,89,NaN,NaN
36,benny blanco,5CiGnKThu5ctn9pBxv7DGa,Eastside (with Halsey & Khalid),7FGq80cy8juXBCD2nrqdWU,2018-12-07,82,0.632,0.686
37,Juice WRLD,4MCBfE4596Uoi2O4DtmEMz,Armed And Dangerous,5wujBwqG7INdStqGd4tRMX,2018-12-10,88,NaN,NaN
38,YNW Melly,1cNDP5yjU5vjeR8qMf4grg,Mixed Personalities (feat. Kanye West),6vWEAOUSxohKxhp0K1BsxL,2019-01-18,83,NaN,NaN
39,Gucci Mane,13y7CgLHjMVRMDqxdx0Xdo,Wake Up in the Sky,2G1tXoGBaEMJ7FKGnkf6ud,2018-12-07,79,NaN,NaN
40,Ariana Grande,66CXWjxzNUsdJxJ2JdwvnR,fake smile,3wFLWP0FcIqHK1wb1CPthQ,2019-02-08,90,0.522,0.6
41,Cardi B,4kYSro6naA4h99UJvo89HB,Money,2GGMabyHXnJmjY6CXhhB2e,2018-10-23,89,0.95,0.59
42,Post Malone,246dkjvS1zLTtiykXe5h60,Better Now,7dt6x5M1jzdTEt8oCbisTK,2018-04-27,92,0.68,0.563
43,Flipp Dinero,2HUwZ0kumzCSlhFcjFZfpp,Leave Me Alone,14mHfNsSHN0FbLftyjrV9g,2018-09-04,90,0.792,0.743
44,XXXTENTACION,15UsOTVnJzReFVN1VCnxy4,SAD!,3ee8Jmje8o58CHK66QrVC2,2018-03-16,91,0.74,0.613
45,Rich The Kid,1pPmIToKXyGdsCF6LmqLmI,Splashin,79OEIr4J4FHV0O3KrhaXRb,2018-12-04,87,0.942,0.383
46,Ariana Grande,66CXWjxzNUsdJxJ2JdwvnR,ghostin,4lD7gHKF1e8Y9stQuVezZB,2018-02-07,67,0.448,0.375
47,Gunna,2hlmm7s2ICUX0LVIhVFlZQ,Outstanding,76PwajqH3ej4hnk9tgaJpp,2019-02-22,73,0.829,0.73
48,Khalid,6LuN9FCkKOj5PcnpouEgny,Saturday Nights,5kfNriitmkNE8mUbZ7gbq8,2018-10-18,82,0.551,0.44
49,XXXTENTACION,15UsOTVnJzReFVN1VCnxy4,Moonlight,0JP9xo3adEtGSdUEISiszL,2018-03-16,90,0.921,0.537
